{
  "project_info": {
    "project_number": "384191733804",
    "project_id": "ambulance-tracker-a40ed",
    "storage_bucket": "ambulance-tracker-a40ed.appspot.com"
  },
  "client": [
    {
      "client_info": {
        "mobilesdk_app_id": "1:384191733804:android:2994f263ee075f54f4f189",
        "android_client_info": {
          "package_name": "com.example.ambulance_tracker"
        }
      },
      "oauth_client": [
        {
          "client_id": "384191733804-dfoqr62i4gtaohs5lk97jrps3chf98e0.apps.googleusercontent.com",
          "client_type": 3
        }
      ],
      "api_key": [
        {
          "current_key": "AIzaSyCLPzVUYpJHdhg9072LUO5qFrijGgAPkrU"
        }
      ],
      "services": {
        "appinvite_service": {
          "other_platform_oauth_client": [
            {
              "client_id": "384191733804-dfoqr62i4gtaohs5lk97jrps3chf98e0.apps.googleusercontent.com",
              "client_type": 3
            }
          ]
        }
      }
    }
  ],
  "configuration_version": "1"
}